id,artist_group,artist_name,Conceptual Group 1,Conceptual Group 2,theme,quote,paragraph_number_in_interview,pdf_page,order
P0001,Poets,Sylvia Paskin,C,Relationships,Audience,"What you write is very specific to you, but on the other hand, why do people enjoy reading poetry? They want to read a poem because it speaks to them.",7,258,1
P0002,Poets,Clive Wilmer,C,Relationships,Audience,"[Donald Davie:] Poetry is not about addressing the audience, but about addressing the subject.",55,258,2
P0003,Poets,Alan Corkish,C,Relationships,Audience,…the impact of this [life] beautiful … is private and personal … no point in trying to explain it to you or to anyone else.,36,258,3
P0004,Poets,Sylvia Paskin,C,Relationships,Audience,On the one hand the emotion in the poem is private. On the other hand it is something that anyone can read and understand.,19,258,4
P0005,Poets,Clive Wilmer,C,Relationships,Audience,The reader should be moved by the poem just as the poet was moved by the experience… something intrinsic in the experience that is going to get to the reader.,55,258,5
P0006,Poets,Sylvia Paskin,C,Relationships,Audience,"There is a lot self-identification in poetry, and it is important for people to say that this is their work.",28,258,6
P0007,Poets,Sylvia Paskin,C,Relationships,Audience,"With a poem it is very easy with just a few lines to reveal yourself, unlike a book which is made of thousands of lines.",29,258,7
P0008,Poets,Sylvia Paskin,C,Identity,Authority,"It is always the author of the poem who speaks. Even if you write about a forest, it is you who speaks from your poem. The forest is not coming your way…",28,258,8
P0009,Poets,Alan Corkish,A,World & Place,Beauty,… while walking I concentrated on the sheer beauty of ‘now’…,24,258,9
P0010,Poets,Alan Corkish,A,World & Place,Beauty,"... I’m an anti-theist… But, life is so beautiful…",28,258,10
P0011,Poets,Alan Corkish,A,World & Place,Beauty,…the impact of this [life] beautiful…,36,258,11
P0012,Poets,Anne Stevenson,C,Relationships,Collaboration,"… there are connections between you, or what you call you, and your experience, and your feelings about things and words, and so forth, that no analytical psychologist can explain.",9,259,12
P0013,Poets,Sylvia Paskin,C,Relationships,Collaboration,And around this set of feelings you find yourself writing about it.,2,259,13
P0014,Poets,Myra Schneider,C,Relationships,Collaboration,"[writing poem] is a mix of imagination, flow-writing, association and… logic.",20,259,14
P0015,Poets,Clive Wilmer,C,Relationships,Collaboration,"[Donald Davie:] Poetry is not about addressing the audience, but about addressing the subject.",55,259,15
P0016,Poets,Alan Corkish,C,Relationships,Collaboration,A poem needs crafting…,8,259,16
P0017,Poets,Anne Stevenson,C,Relationships,Collaboration,[group work in workshop]… lost their individuality. A gifted poet has to find his or her own way…,14,259,17
P0018,Poets,Sylvia Paskin,C,Relationships,Collaboration,"…you can’t understand how it got from a lot of different feelings, different emotions, to a finished poem.",2,259,18
P0019,Poets,Myra Schneider,C,Relationships,Collaboration,Writing… helps … sort out ideas… crystallising thoughts and emotions… outside you… you can understand it much better. You have partly separated yourself.,24,259,19
P0020,Poets,Clive Wilmer,C,Relationships,Collaboration,"… poet had a duty to what exists, to the nature of reality…",57,259,20
P0021,Poets,Alan Corkish,C,Relationships,Collaboration,"… true poet uses wit, experience, passion, intellect, even genius to sculpt it into shape.",14,259,21
P0022,Poets,Sylvia Paskin,C,Relationships,Collaboration,Joseph Brodsky…said: ‘It is not poets who create language; it is language which creates poets.’,13,259,22
P0023,Poets,Alan Corkish,C,Relationships,Collaboration,Creativity is capable of altering the inner state…,32,259,23
P0024,Poets,Sylvia Paskin,C,Relationships,Collaboration,You have to trust yourself that what you write has inner integrity – this is the only way a poem can work.,26,259,24
P0025,Poets,Alan Corkish,C,Relationships,Collaboration,… I believe in nothing except me… maybe… I actually communicate … with the person inside whom we repress for most of our lives …,37,259,25
P0026,Poets,Sylvia Paskin,C,Relationships,Collaboration,"If you mess about it trying to be clever the poem will show this… poems that work best have integrity, just like a person.",26,259,26
P0027,Poets,Sylvia Paskin,C,Relationships,Collaboration,"A poem is quite immediate, and it feels powerful for the writer. Very rarely do people write poems together.",29,259,27
P0028,Poets,Maggie Sawkins,B,Transcendence,Collective archetype,[poetry is] Range of emotions…,15,259,28
P0029,Poets,Anne Stevenson,B,Transcendence,Collective archetype,"[for communicating in poetry] communion is needed … working with language, old and new…",15,259,29
P0030,Poets,Sylvia Paskin,B,Transcendence,Collective archetype,[Shakespeare] …says is a universal truth…,7,259,30
P0031,Poets,Myra Schneider,B,Transcendence,Collective archetype,Writing… helps … sort out ideas… crystallising thoughts and emotions… outside you… you can understand it much better. You have partly separated yourself.,24,259,31
P0032,Poets,Clive Wilmer,B,Transcendence,Collective archetype,"…language … is not something that we have invented out of nothing; it is something that we share with other people… words have a substantial presence, just as a painter’s materials do for him.",16,259,32
P0033,Poets,Maggie Sawkins,B,Transcendence,Collective archetype,You could dream similar dreams to someone who lives in Africa.,15,259,33
P0034,Poets,Anne Stevenson,B,Transcendence,Collective archetype,…poetry is literally untranslatable. However… you can transfer the spirit of it from one language to another.,27,259,34
P0035,Poets,Sylvia Paskin,B,Transcendence,Collective archetype,…a poem can’t just be emotional. If it were just emotional there would be no boundaries…emotion has to be filtered in a way that it has structure and clarity.,9,259,35
P0036,Poets,Clive Wilmer,B,Transcendence,Collective archetype,Language … belongs to the race; it is not a private thing. Language already includes meanings.,20,259,36
P0037,Poets,Clive Wilmer,B,Transcendence,Collective archetype,"… language is already an art, a communal, collaborative one.",20,259,37
P0038,Poets,Maggie Sawkins,C,Reasoning,Contrasts,…different processes for different poems. Sometimes it is two things that seem opposites…,2,260,38
P0039,Poets,Anne Stevenson,C,Reasoning,Contrasts,… a balance of knowing and not knowing.,8,260,39
P0040,Poets,Sylvia Paskin,C,Reasoning,Contrasts,"What you write is very specific to you, but on the other hand, why do people enjoy reading poetry? They want to read a poem because it speaks to them.",7,260,40
P0041,Poets,Myra Schneider,C,Reasoning,Contrasts,"[writing poem] is a mix of imagination, flow-writing, association and… logic.",20,260,41
P0042,Poets,Alan Corkish,C,Reasoning,Contrasts,The difference between such moments and viewing the ‘daily activities’ of life lies within. Exactly the same moment at another time or on another day might pass me by entirely…,29,260,42
P0043,Poets,Maggie Sawkins,C,Reasoning,Contrasts,…it is two contrasts that make a good poem.,23,260,43
P0044,Poets,Anne Stevenson,C,Reasoning,Contrasts,"True poetry is usually ambiguous… rarely anything definite or finite about what it means… A poem should be clear and ambiguous as well. If the poem is … completely ambiguous you get no pleasure … But if it’s completely clear, you might … say [it] … in prose.",48,260,44
P0045,Poets,Sylvia Paskin,C,Reasoning,Contrasts,"These are tremendous [language] decisions to make. And then you need somehow to bring in the emotions, the feelings, the experiences.",14,260,45
P0046,Poets,Myra Schneider,C,Reasoning,Contrasts,Writing… is a way of release.,24,260,46
P0047,Poets,Maggie Sawkins,C,Reasoning,Contrasts,Emotion… linked with an object; something visual.,23,260,47
P0048,Poets,Sylvia Paskin,C,Reasoning,Contrasts,"I thought to myself, ‘Can I write this poem? Can I actually say what I want to say?’ Because what I wanted to say was shocking.",19,260,48
P0049,Poets,Maggie Sawkins,C,Faculties,Emotion,Emotion… linked with an object; something visual.,23,260,49
P0050,Poets,Sylvia Paskin,C,Faculties,Emotion,[words] Often they come as a burst of emotion.,2,260,50
P0051,Poets,Sylvia Paskin,C,Faculties,Emotion,"… we start with emotion, and there is a process where you have to leave emotions, put them aside, and deal with the language that needs to be adequate… it isn’t enough just to write what you feel. A level of understanding has to come in…",14,260,51
P0052,Poets,Maggie Sawkins,A,Visual Language,Image,… poetry does use images to try to convey abstract thoughts and feelings in interesting poetic ways. Poetry is concrete.,17,260,52
P0053,Poets,Sylvia Paskin,A,Visual Language,Image,"A poem is on the page, it has to have a look.",14,260,53
P0054,Poets,Alan Corkish,A,Visual Language,Image,… photographs often capture unexpected pointers or markers to other things.,23,260,54
P0055,Poets,Sylvia Paskin,A,Visual Language,Image,"[poem writing] Yes, it is architectural.",16,260,55
P0056,Poets,Sylvia Paskin,A,Visual Language,Image,…Hanging Poems. These were poems embroidered in silk and hung in the streets.,17,260,56
P0057,Poets,Anne Stevenson,C,Identity,Individuality/personality,[group work in workshop]… lost their individuality. A gifted poet has to find his or her own way…,14,260,57
P0058,Poets,Sylvia Paskin,C,Identity,Individuality/personality,"It is always the author of the poem who speaks. Even if you write about a forest, it is you who speaks from your poem. The forest is not coming your way…",28,260,58
P0059,Poets,Maggie Sawkins,B,Creative State,Inspiration from inside,[contrast] come from inside.,25,261,59
P0060,Poets,Anne Stevenson,B,Creative State,Inspiration from inside,"… there are connections between you, or what you call you, and your experience, and your feelings about things and words, and so forth, that no analytical psychologist can explain.",9,261,60
P0061,Poets,Sylvia Paskin,B,Creative State,Inspiration from inside,[words] Often they come as a burst of emotion.,2,261,61
P0062,Poets,Myra Schneider,B,Creative State,Inspiration from inside,"I kind of heard an [inner] sound... of my father… I was shocked… because my father was dead… So, I wrote a poem about this.",10,261,62
P0063,Poets,Alan Corkish,B,Creative State,Inspiration from inside,You presume I’m inspired? … If you sit around all day waiting for inspiration you’ll not write much of anything.,7,261,63
P0064,Poets,Maggie Sawkins,B,Creative State,Inspiration from inside,Emotion… linked with an object; something visual.,23,261,64
P0065,Poets,Anne Stevenson,B,Creative State,Inspiration from inside,[inspiration comes from] Listening. And reading aloud a lot.,19,261,65
P0066,Poets,Sylvia Paskin,B,Creative State,Inspiration from inside,The poem speaks from a place that you might not have such an easy access to.,6,261,66
P0067,Poets,Myra Schneider,B,Creative State,Inspiration from inside,"Let go of consciousness [by taking] a starting point, a sentence… See what words are coming… from the unconscious and flowing to the surface.",17,261,67
P0068,Poets,Alan Corkish,B,Creative State,Inspiration from inside,Sometimes I sit and just tell myself to write a poem … At other times something moves me deeply…,15,261,68
P0069,Poets,Alan Corkish,B,Creative State,Inspiration from inside,… Shakespeare was so prolific that it’s hard not to believe that much of his work was so inspired.,18,261,69
P0070,Poets,Alan Corkish,B,Creative State,Inspiration from inside,The difference between such moments and viewing the ‘daily activities’ of life lies within. Exactly the same moment at another time or on another day might pass me by entirely...,29,261,70
P0071,Poets,Alan Corkish,B,Creative State,Inspiration from inside,Creativity is capable of altering the inner state…,32,261,71
P0072,Poets,Alan Corkish,B,Creative State,Inspiration from inside,… I believe in nothing except me… maybe… I actually communicate … with the person inside whom we repress for most of our lives …,37,261,72
P0073,Poets,Maggie Sawkins,B,Creative State,Inspiration from outside,Emotion… linked with an object; something visual.,23,261,73
P0074,Poets,Anne Stevenson,B,Creative State,Inspiration from outside,Simply seeing or finding something sets lines going.,2,261,74
P0075,Poets,Sylvia Paskin,B,Creative State,Inspiration from outside,"Sometimes I hear or read something, or something happens to me.",2,261,75
P0076,Poets,Anne Stevenson,B,Creative State,Inspiration from outside,"… there are connections between you, or what you call you, and your experience, and your feelings about things and words, and so forth, that no analytical psychologist can explain.",9,261,76
P0077,Poets,Anne Stevenson,B,Creative State,Inspiration from outside,[inspiration comes from] Listening. And reading aloud a lot.,19,261,77
P0078,Poets,Maggie Sawkins,C,Reasoning,Logic,Poetry uses images to … convey abstract thoughts.,17,261,78
P0079,Poets,Anne Stevenson,C,Reasoning,Logic,"…I have is a sense of lines occurring, and … I mess them around.",8,261,79
P0080,Poets,Sylvia Paskin,C,Reasoning,Logic,"…you can’t understand how it got from a lot of different feelings, different emotions, to a finished poem.",2,261,80
P0081,Poets,Myra Schneider,C,Reasoning,Logic,I realised it wasn’t by chance that I had the image of a cave [in image exploration technique],10,261,81
P0082,Poets,Clive Wilmer,C,Reasoning,Logic,Very often I know that a particular body of subject matter is going to produce a poem. At other times it would be a word or a phrase or a line or even a rhythm…,16,261,82
P0083,Poets,Alan Corkish,C,Reasoning,Logic,"… a word, a letter, an image are all simply things viewed which convey information.",4,261,83
P0084,Poets,Maggie Sawkins,C,Reasoning,Logic,"[writing a poem] is not… a struggle, trying to write.",25,262,84
P0085,Poets,Anne Stevenson,C,Reasoning,Logic,"I have is a sense of lines occurring, … I mess them around, a bit like a crossword. At that stage you bring the conscious mind.",8,262,85
P0086,Poets,Sylvia Paskin,C,Reasoning,Logic,"With any poem, even if you think you finished it, you have to let it.",3,262,86
P0087,Poets,Myra Schneider,C,Reasoning,Logic,[writing]… was a way of looking at these feelings.,12,262,87
P0088,Poets,Clive Wilmer,C,Reasoning,Logic,"So I spent a lot of time reflecting on that analogy, and then quite out of the blue some lines came to me.",16,262,88
P0089,Poets,Alan Corkish,C,Reasoning,Logic,"… true poet uses wit, experience, passion, intellect, even genius to sculpt it into shape.",14,262,89
P0090,Poets,Anne Stevenson,C,Reasoning,Logic,… knowing when to stop forcing it…,8,262,90
P0091,Poets,Sylvia Paskin,C,Reasoning,Logic,…a poem can’t just be emotional. If it were just emotional there would be no boundaries…emotion has to be filtered in a way that it has structure and clarity.,9,262,91
P0092,Poets,Myra Schneider,C,Reasoning,Logic,Flow writing… what comes… without planning.,17,262,92
P0093,Poets,Clive Wilmer,C,Reasoning,Logic,Often you write your best poems when you feel least engaged by the matter…,40,262,93
P0094,Poets,Alan Corkish,C,Reasoning,Logic,"... I’m an anti-theist… But, life is so beautiful… most of the time we take it for granted until zap, something seems to hit us in the solar plexus… emotional tsunami. Then, for a split second, I could almost believe in a God and was saddened because my brain won’t allow me to.",28,262,94
P0095,Poets,Anne Stevenson,C,Reasoning,Logic,Where would it come from? I don’t know.,8,262,95
P0096,Poets,Sylvia Paskin,C,Reasoning,Logic,"… we start with emotion, and there is a process where you have to leave emotions, put them aside, and deal with the language that needs to be adequate… it isn’t enough just to write what you feel. A level of understanding has to come in…",14,262,96
P0097,Poets,Myra Schneider,C,Reasoning,Logic,"Let go of consciousness [by taking] a starting point, a sentence… See what words are coming… from the unconscious and flowing to the surface.",17,262,97
P0098,Poets,Clive Wilmer,C,Reasoning,Logic,"… in order for a poem to happen, we need to put a part of ourselves asleep.",40,262,98
P0099,Poets,Anne Stevenson,C,Reasoning,Logic,… a balance of knowing and not knowing.,8,262,99
P0100,Poets,Sylvia Paskin,C,Reasoning,Logic,… some poets will tell you that when you do have a very strict form [like Haiku] it makes it easier because there is so much you push away and so you get to find the point. … a process of refinement to get to what he wanted to say…,17,262,100
P0101,Poets,Myra Schneider,C,Reasoning,Logic,Logic copes with one layer of meaning at a time.,19,262,101
P0102,Poets,Clive Wilmer,C,Reasoning,Logic,… rhyme does the job of occupying the mind…,40,262,102
P0103,Poets,Anne Stevenson,C,Reasoning,Logic,…recognise when a line is right and when it’s wrong.,9,262,103
P0104,Poets,Sylvia Paskin,C,Reasoning,Logic,"If you mess about it trying to be clever the poem will show this… poems that work best have integrity, just like a person.",26,262,104
P0105,Poets,Myra Schneider,C,Reasoning,Logic,Writing… helps … sort out ideas… crystallising thoughts and emotions… outside you… you can understand it much better. You have partly separated yourself.,24,262,105
P0106,Poets,Clive Wilmer,C,Reasoning,Logic,"… you name the emotion, but it is unlikely that you are going to generate it in the reader’s mind. That’s the problem with abstraction.",52,262,106
P0107,Poets,Anne Stevenson,C,Reasoning,Logic,"… there are connections between you, or what you call you, and your experience, and your feelings about things and words, and so forth, that no analytical psychologist can explain.",9,262,107
P0108,Poets,Clive Wilmer,C,Reasoning,Logic,Writing is at such a deep level of your personality that I think you can’t really know what it is that makes you write.,40,262,108
P0109,Poets,Anne Stevenson,C,Reasoning,Logic,"True poetry is usually ambiguous… rarely anything definite or finite about what it means… A poem should be clear and ambiguous as well. If the poem is … completely ambiguous you get no pleasure … But if it’s completely clear, you might … say [it] … in prose.",48,263,109
P0110,Poets,Maggie Sawkins,A,World & Place,Object,Emotion… linked with an object; something visual.,23,263,110
P0111,Poets,Anne Stevenson,A,World & Place,Place,I have written a poem at the hairdresser’s. Any time will do.,12,263,111
P0112,Poets,Alan Corkish,A,World & Place,Place,… while walking I concentrated on the sheer beauty of ‘now’…,24,263,112
P0113,Poets,Alan Corkish,C,Identity,Point of view,The difference between such moments and viewing the ‘daily activities’ of life lies within. Exactly the same moment at another time or on another day might pass me by entirely...,29,263,113
P0114,Poets,Maggie Sawkins,C,Identity,Self discovery through art,…poem… reveals something about myself…,13,263,114
P0115,Poets,Anne Stevenson,C,Identity,Self discovery through art,Writing … is not so much a process as a way of feeling my way in the dark.,2,263,115
P0116,Poets,Sylvia Paskin,C,Identity,Self discovery through art,"You look and think to yourself, ‘That is how I actually feel!’ This can be very powerful.",5,263,116
P0117,Poets,Myra Schneider,C,Identity,Self discovery through art,"I needed to go [write]… myself, and find out what was going on.",10,263,117
P0118,Poets,Sylvia Paskin,C,Identity,Self discovery through art,… the poem helps you to understand things about your life.,6,263,118
P0119,Poets,Myra Schneider,C,Identity,Self discovery through art,[writing]… was a way of looking at these feelings.,12,263,119
P0120,Poets,Sylvia Paskin,C,Identity,Self discovery through art,"The poem has to be considered and worked out to make sense. But it is valuable to cope with difficult emotions, and poetry does that.",24,263,120
P0121,Poets,Myra Schneider,C,Identity,Self discovery through art,Writing… helps … sort out ideas… crystallising thoughts and emotions… outside you… you can understand it much better. You have partly separated yourself.,24,263,121
P0122,Poets,Sylvia Paskin,C,Identity,Self discovery through art,"With a poem it is very easy with just a few lines to reveal yourself, unlike a book which is made of thousands of lines.",29,263,122
P0123,Poets,Alan Corkish,C,Faculties,Senses,… I like the sound of the words…,2,263,123
P0124,Poets,Sylvia Paskin,B,Creative State,Surrender,"If you let it be it grows, and you find yourself having a poem. Sometimes you read what you have produced and you think, ‘How did all this come?’ You don’t even know what was inside…",2,263,124
P0125,Poets,Maggie Sawkins,A,Visual Language,Symbol,[poetry is] symbols…,15,263,125
P0126,Poets,Sylvia Paskin,A,Visual Language,Symbol,"Such a word [love] carries with it feelings. But … a table, which may not have a feeling in itself but has a meaning to you.",11,263,126
P0127,Poets,Myra Schneider,A,Visual Language,Symbol,A metaphor… takes you beyond logic.,19,263,127
P0128,Poets,Clive Wilmer,A,Visual Language,Symbol,The words are the wrapping within which the message comes.,54,263,128
P0129,Poets,Alan Corkish,A,Visual Language,Symbol,"… a word, a letter, an image are all simply things viewed which convey information.",4,263,129
P0130,Poets,Alan Corkish,A,Visual Language,Symbol,… photographs often capture unexpected pointers or markers to other things.,23,263,130
P0131,Poets,Anne Stevenson,B,Transcendence,Transcendental reality (independent of artist),…realised that the poem wanted to go in a different direction.,2,264,131
P0132,Poets,Anne Stevenson,B,Transcendence,Transcendental reality (independent of artist),Where would it come from? I don’t know.,8,264,132
P0133,Poets,Anne Stevenson,B,Transcendence,Transcendental reality (independent of artist),… the deeper creative process is very mysterious.,9,264,133
P0134,Poets,Anne Stevenson,B,Transcendence,Transcendental reality (independent of artist),… you have to recognize that a lot is going on in your head and in the world which is much more mysterious than we normally imagine.,9,264,134
P0135,Poets,Clive Wilmer,B,Transcendence,"Transcendental reality (independent, and communicated through physical)",I am interested in the way that the spirit communicates through things… the spiritual… seems to me to be in things.,10,264,135
P0136,Poets,Anne Stevenson,B,Transcendence,Transcendental reality (which connects through artist),Lines come to mind.,2,264,136
P0137,Poets,Sylvia Paskin,B,Transcendence,Transcendental reality (which connects through artist),[words] Often they come as a burst of emotion.,2,264,137
P0138,Poets,Myra Schneider,B,Transcendence,Transcendental reality (which connects through artist),Flow writing… what comes… without planning.,17,264,138
P0139,Poets,Clive Wilmer,B,Transcendence,Transcendental reality (which connects through artist),Very often I know that a particular body of subject matter is going to produce a poem. At other times it would be a word or a phrase or a line or even a rhythm…,16,264,139
P0140,Poets,Alan Corkish,B,Transcendence,Transcendental reality (which connects through artist),"…life is so beautiful… most of the time we take it for granted until zap, something seems to hit us in the solar plexus… emotional tsunami. Then, for a split second, I could almost believe in a God and was saddened because my brain won’t allow me to.",28,264,140
P0141,Poets,Anne Stevenson,B,Transcendence,Transcendental reality (which connects through artist),[Poem] came to me long before I knew its subject.,2,264,141
P0142,Poets,Sylvia Paskin,B,Transcendence,Transcendental reality (which connects through artist),"If you let it be it grows, and you find yourself having a poem. Sometimes you read what you have produced and you think, ‘How did all this come?’ You don’t even know what was inside…",2,264,142
P0143,Poets,Myra Schneider,B,Transcendence,Transcendental reality (which connects through artist),Inspiration comes as you work through.,20,264,143
P0144,Poets,Clive Wilmer,B,Transcendence,Transcendental reality (which connects through artist),"So I spent a lot of time reflecting on that analogy, and then quite out of the blue some lines came to me.",16,264,144
P0145,Poets,Anne Stevenson,B,Transcendence,Transcendental reality (which connects through artist),"…I have is a sense of lines occurring, and … I mess them around.",8,264,145
P0146,Poets,Sylvia Paskin,B,Transcendence,Transcendental reality (which connects through artist),"Sometimes the word just comes to you, and it is just 'the' word.",4,264,146
P0147,Poets,Clive Wilmer,B,Transcendence,Transcendental reality (which connects through artist),"You say things which you didn’t necessarily mean to say, because the words say them.",20,264,147
P0148,Poets,Sylvia Paskin,B,Transcendence,Transcendental reality (which connects through artist),The poem speaks from a place that you might not have such an easy access to.,6,264,148
P0149,Poets,Clive Wilmer,B,Transcendence,Transcendental reality (which connects through artist),The reader should be moved by the poem just as the poet was moved by the experience… something intrinsic in the experience that is going to get to the reader.,55,264,149
P0150,Poets,Sylvia Paskin,B,Transcendence,Transcendental reality (which connects through artist),Joseph Brodsky…said: ‘It is not poets who create language; it is language which creates poets.’,13,264,150
P0151,Poets,Sylvia Paskin,B,Transcendence,Transcendental reality (which connects through artist),You have to trust yourself that what you write has inner integrity – this is the only way a poem can work.,26,264,151
P0152,Poets,Clive Wilmer,B,Transcendence,Transcendental reality (which the artist connects to),… you also have to be in love with what is beyond language.,35,265,152
P0153,Poets,Clive Wilmer,B,Transcendence,Transcendental reality (which the artist connects to),Writing is at such a deep level of your personality that I think you can’t really know what it is that makes you write.,40,265,153
P0154,Poets,Clive Wilmer,B,Transcendence,Transcendental reality (which the artist connects to),"… poet had a duty to what exists, to the nature of reality…",57,265,154
P0155,Poets,Anne Stevenson,C,Faculties,Unconscious,A poet has to keep a door open to the unconscious almost all the time.,6,265,155
P0156,Poets,Sylvia Paskin,C,Faculties,Unconscious,The poem speaks from a place that you might not have such an easy access to.,6,265,156
P0157,Poets,Myra Schneider,C,Faculties,Unconscious,"Let go of consciousness [by taking] a starting point, a sentence… See what words are coming… from the unconscious and flowing to the surface.",17,265,157
P0158,Poets,Maggie Sawkins,B,Creative State,Urge to create,It makes me feel good if I have written a good poem.,27,265,158
P0159,Poets,Sylvia Paskin,B,Creative State,Urge to create,[words] Often they come as a burst of emotion.,2,265,159
P0160,Poets,Alan Corkish,B,Creative State,Urge to create,… I have no control over my inner state…,34,265,160
P0161,Poets,Sylvia Paskin,A,Language & Representation,Word,[words] Often they come as a burst of emotion.,2,265,161
P0162,Poets,Clive Wilmer,A,Language & Representation,Word,"…language … is not something that we have invented out of nothing; it is something that we share with other people… words have a substantial presence, just as a painter’s materials do for him.",16,265,162
P0163,Poets,Alan Corkish,A,Language & Representation,Word,Language is complex…,2,265,163
P0164,Poets,Alan Corkish,A,Language & Representation,Word,… I like the sound of the words…,2,265,164
P0165,Poets,Alan Corkish,A,Language & Representation,Word,"…the impact of this [life] beautiful … is private and personal … no point in trying to explain it to you or to anyone else. I may write a poem about it, but … it doesn’t come close to the ‘experience’.",36,265,165
P0166,Poets,Maggie Sawkins,A,Language & Representation,Words/image relation,Poetry… is a condensed use of language... the shape across the page.,11,265,166
P0167,Poets,Sylvia Paskin,A,Language & Representation,Words/image relation,Over time… [the poem] begins to make a kind of a shape or a form.,2,265,167
P0168,Poets,Myra Schneider,A,Language & Representation,Words/image relation,Image exploration… technique … you make [say] a suggestion and people … fill in their own ideas…,9,265,168
P0169,Poets,Clive Wilmer,A,Language & Representation,Words/image relation,"Poems are in language so they exist in time… But a poem is also a thing, it is a kind of monument. It has a shape on the page.",38,265,169
P0170,Poets,Alan Corkish,A,Language & Representation,Words/image relation,"… a word, a letter, an image are all simply things viewed which convey information.",4,265,170
P0171,Poets,Maggie Sawkins,A,Language & Representation,Words/image relation,Poetry uses images to try to convey abstract thoughts.,17,265,171
P0172,Poets,Sylvia Paskin,A,Language & Representation,Words/image relation,"A poem is on the page, it has to have a look…",14,265,172
P0173,Poets,Myra Schneider,A,Language & Representation,Words/image relation,I realised it wasn’t by chance that I had the image of a cave [in image exploration technique],10,265,173
P0174,Poets,Clive Wilmer,A,Language & Representation,Words/image relation,Language … belongs to the race; it is not a private thing. Language already includes meanings.,20,265,174
P0175,Poets,Sylvia Paskin,A,Language & Representation,Words/image relation,"Such a word [love] carries with it feelings. But … a table, which may not have a feeling in itself but has a meaning to you.",11,265,175
P0176,Poets,Clive Wilmer,A,Language & Representation,Words/image relation,The words are the wrapping within which the message comes.,54,265,176
P0177,Poets,Sylvia Paskin,A,Language & Representation,Words/image relation,"… we start with emotion, and there is a process where you have to leave emotions, put them aside, and deal with the language that needs to be adequate… it isn’t enough just to write what you feel. A level of understanding has to come in…",14,266,177
P0178,Poets,Sylvia Paskin,A,Language & Representation,Words/image relation,Poetry is about the beauty of the words…,26,266,178
P0179,Poets,Sylvia Paskin,A,Language & Representation,Words/image relation,"With a poem it is very easy with just a few lines to reveal yourself, unlike a book which is made of thousands of lines.",29,266,179
PA0001,Painters,Natalie Dekel,C,Relationships,Audience,"…I see you now, but … other information about you which is not from now is coming from the past… and I want to depict it. Perhaps it will be a message for you about what carries on within you.",25,266,180
PA0002,Painters,Felice Varini,C,Relationships,Audience,"Once the painting is done it starts an independent life, having a relationship with the space, which has nothing to do with me or the viewer.",7,266,181
PA0003,Painters,Felice Varini,C,Relationships,Audience,[painting] is not born to create specific shapes that need to satisfy the viewer.,12,266,182
PA0004,Painters,Paul Hartal,C,Identity,Authority,"… art is completely concrete, and therefore a significant source of authentic empirical knowledge.",46,266,183
PA0005,Painters,Natalie Dekel,A,World & Place,Beauty,"Each time I see a person I can see something which is … exploration of another aspect that I do not have, do not know about, and is beautiful.",21,266,184
PA0006,Painters,Melanie Chan,A,World & Place,Beauty,"I see the beauty of nature in flowers, and I am amazed by their perfection and their symmetry.",2,266,185
PA0007,Painters,Melanie Chan,A,World & Place,Beauty,… impermanence of the flower is… beautiful…,6,266,186
PA0008,Painters,Natalie Dekel,C,Relationships,Collaboration,"As I drew I had to ask him… I would ask the question, and would be given an image…",32,266,187
PA0009,Painters,Felice Varini,C,Relationships,Collaboration,"The painting exists as a whole, with its complete shape as well as the fragments…",12,266,188
PA0010,Painters,Barry Stevens,C,Relationships,Collaboration,… recognition that a greater or higher power is working through one and that one does not actually exist independent of the whole… there is no longer an “I” or “you”…,6,266,189
PA0011,Painters,Melanie Chan,C,Relationships,Collaboration,"Once I start painting my mind starts to become calmer, as if the flower is encouraging me to be in the moment.",2,266,190
PA0012,Painters,Natalie Dekel,C,Relationships,Collaboration,"If I have a feeling it may be like asking oneself, ‘Remember omelette?’…",34,266,191
PA0013,Painters,Felice Varini,C,Relationships,Collaboration,When two people are in love they do not love the same person but each other…yet they are perfectly able to understand and share that love.,14,266,192
PA0014,Painters,Barry Stevens,C,Relationships,Collaboration,I don’t do anything special as an artist to experience it…,12,266,193
PA0015,Painters,Melanie Chan,C,Relationships,Collaboration,I prefer to be quiet when painting; it is in the silence… that the communion with the flowers can take place.,14,266,194
PA0016,Painters,Felice Varini,C,Relationships,Collaboration,What is the next step in the history of art after Mondrian … My answer is to work on the three-dimensional reality instead of the canvas.,31,267,195
PA0017,Painters,Barry Stevens,C,Relationships,Collaboration,Art is part of the process as is everything else.,37,267,196
PA0018,Painters,Melanie Chan,C,Relationships,Collaboration,…necessary … to pay attention to nature and it is then that I get ... urge to express that relationship.,19,267,197
PA0019,Painters,Felice Varini,C,Relationships,Collaboration,… once I choose a space I start a new thinking process with it.,32,267,198
PA0020,Painters,Melanie Chan,C,Relationships,Collaboration,I am looking intently yet … gently at the flowers … and it draws me into a non-verbal communication experience. This is why I prefer to be quiet when painting.,28,267,199
PA0021,Painters,Natalie Dekel,B,Transcendence,Collective archetype,… feeling for the person drawn.,9,267,200
PA0022,Painters,Paul Hartal,B,Transcendence,Collective archetype,… all art disciplines share common traits… in different forms… specific set of symbols.,5,267,201
PA0023,Painters,Barry Stevens,B,Transcendence,Collective archetype,… recognizing that there is no alternative! … you know that you are a part of an infinite matrix…,9,267,202
PA0024,Painters,Natalie Dekel,B,Transcendence,Collective archetype,"You become this beautiful meditation, a part of the scene…",10,267,203
PA0025,Painters,Paul Hartal,B,Transcendence,Collective archetype,"…intuitions, imagination, emotions, ideas, memories, thoughts and dreams are not independent events of an autonomous brain and nervous… They take place in a body that interacts with the biosphere.",8,267,204
PA0026,Painters,Barry Stevens,B,Transcendence,Collective archetype,… awareness of being beyond time and space.,10,267,205
PA0027,Painters,Natalie Dekel,B,Transcendence,Collective archetype,"Each time I see a person I can see something which is … exploration of another aspect that I do not have, do not know about, and is beautiful.",21,267,206
PA0028,Painters,Barry Stevens,B,Transcendence,Collective archetype,External and internal are for me like a spectrum or a continuum.,33,267,207
PA0029,Painters,Natalie Dekel,B,Transcendence,Collective archetype,"[translating feelings to colours] …is perhaps a thought, a word, a feeling, or just an urge…  an unexplainable feeling for a particular taste?...",35,267,208
PA0030,Painters,Natalie Dekel,C,Reasoning,Contrasts,… there is no such thing as one definition of art…,12,267,209
PA0031,Painters,Paul Hartal,C,Reasoning,Contrasts,Creativity is a cognitive process that results in new outcomes. It generates original ideas.,2,267,210
PA0032,Painters,Felice Varini,C,Reasoning,Contrasts,When two people are in love they do not love the same person but each other…yet they are perfectly able to understand and share that love.,14,267,211
PA0033,Painters,Barry Stevens,C,Reasoning,Contrasts,External and internal are for me like a spectrum or a continuum.,33,267,212
PA0034,Painters,Natalie Dekel,A,Visual Language,Colour,Colour builds up emotional layers.,2,267,213
PA0035,Painters,Natalie Dekel,A,Visual Language,Colour,"[translating feelings to colours] …is perhaps a thought, a word, a feeling, or just an urge…  an unexplainable feeling for a particular taste?...",35,267,214
PA0036,Painters,Paul Hartal,D,Creation,Creativity,Creativity is a cognitive process that results in new outcomes. It generates original ideas.,2,267,215
PA0037,Painters,Natalie Dekel,C,Faculties,Emotion,… feeling for the person drawn.,9,267,216
PA0038,Painters,Felice Varini,C,Faculties,Emotion,When two people are in love they do not love the same person but each other…yet they are perfectly able to understand and share that love.,14,267,217
PA0039,Painters,Barry Stevens,C,Faculties,Emotion,Inspiration flows through me as a sense of connection and flow; a sense of well-being and feeling in tune with life... inner peace… discovery…,28,267,218
PA0040,Painters,Melanie Chan,C,Faculties,Emotion,When I am painting … I … forget my emotions and lose myself in the moment…,14,267,219
PA0041,Painters,Natalie Dekel,C,Identity,Expression,What attracts me is the expression.,9,267,220
PA0042,Painters,Melanie Chan,C,Identity,Expression,Artistic expression … exceed the conceptual boundaries of language…,26,267,221
PA0043,Painters,Paul Hartal,A,Visual Language,Image,A painting is a frozen picture in time…,32,267,222
PA0044,Painters,Melanie Chan,A,Visual Language,Image,… the flower’s natural perfection cannot be recreated entirely. There is a loss somehow in the translation process into a painted representation.,6,267,223
PA0045,Painters,Paul Hartal,A,Visual Language,Image,"Poetry pleases, moves and elevates by word choice and word form, the interaction of style, pattern, sound, image and idea. Great poetry expresses heightened thought, intensified emotion, concentrated observation and soaring imagination.",24,268,224
PA0046,Painters,Melanie Chan,A,Visual Language,Image,"… painting results in an image, which lasts longer than the flower itself…",6,268,225
PA0047,Painters,Natalie Dekel,C,Identity,Individuality/personality,"… it depends on the personality, not on the work. What I see is what interests me as a person.",12,268,226
PA0048,Painters,Barry Stevens,C,Identity,Individuality/personality,… recognition that a greater or higher power is working through one and that one does not actually exist independent of the whole… there is no longer an “I” or “you”…,6,268,227
PA0049,Painters,Melanie Chan,C,Identity,Individuality/personality,"Creativity is life… painting is a part of who I am…it is an expression of life and intrinsic to life, like breathing or eating.",24,268,228
PA0050,Painters,Natalie Dekel,B,Creative State,Inspiration from inside,"As I drew I had to ask him… I would ask the question, and would be given an image…",32,268,229
PA0051,Painters,Felice Varini,B,Creative State,Inspiration from inside,"It is not a source of inspiration ‘falling’ on you… Painting is about choices, attitudes…a desire to discover something new.",49,268,230
PA0052,Painters,Barry Stevens,B,Creative State,Inspiration from inside,I feel inspiration flowing through me.,26,268,231
PA0053,Painters,Melanie Chan,B,Creative State,Inspiration from inside,"I tend to get a feeling that draws me… impulse to create, is inner one based on a mood or memory. At other times it might be external… a scene which might draw my attention.",17,268,232
PA0054,Painters,Natalie Dekel,B,Creative State,Inspiration from inside,"If I have a feeling it may be like asking oneself, ‘Remember omelette?’…",34,268,233
PA0055,Painters,Barry Stevens,B,Creative State,Inspiration from inside,Inspiration flows through me as a sense of connection and flow; a sense of well-being and feeling in tune with life... inner peace… discovery…,28,268,234
PA0056,Painters,Melanie Chan,B,Creative State,Inspiration from inside,"… inspiration is there most of the time, but usually my mind is elsewhere…",19,268,235
PA0057,Painters,Barry Stevens,B,Creative State,Inspiration from inside,External and internal are for me like a spectrum or a continuum.,33,268,236
PA0058,Painters,Melanie Chan,B,Creative State,Inspiration from inside,Inspiration is the creative force of life…,21,268,237
PA0059,Painters,Felice Varini,B,Creative State,Inspiration from outside,"I do not believe in inspiration… Instead, I explore the space… look through … make decisions, and then it all clicks right into place. It is like writing… it happens.",47,268,238
PA0060,Painters,Barry Stevens,B,Creative State,Inspiration from outside,External and internal are for me like a spectrum or a continuum.,33,268,239
PA0061,Painters,Melanie Chan,B,Creative State,Inspiration from outside,"I see the beauty of nature in flowers, and I am amazed by their perfection and their symmetry.",2,268,240
PA0062,Painters,Melanie Chan,B,Creative State,Inspiration from outside,"I tend to get a feeling that draws me… impulse to create, is inner one based on a mood or memory. At other times it might be external… a scene which might draw my attention.",17,268,241
PA0063,Painters,Melanie Chan,B,Creative State,Inspiration from outside,Inspiration is the creative force of life…,21,268,242
PA0064,Painters,Paul Hartal,C,Faculties,Intuition,Intuition and imagination play a … role in both art and science. Transcending the state of existing conditions necessitates innovative leaps into uncharted areas.,24,268,243
PA0065,Painters,Natalie Dekel,A,Visual Language,Line,Line is … a thought personified and the evolution of it.,2,268,244
PA0066,Painters,Natalie Dekel,A,Visual Language,Line,"You need to learn the topography of the face, and the lines of emotions… become a psychologist of the person.",40,268,245
PA0067,Painters,Natalie Dekel,C,Reasoning,Logic,Line is … a thought personified and the evolution of it. Colour builds up emotional layers.,2,268,246
PA0068,Painters,Paul Hartal,C,Reasoning,Logic,Creativity is a cognitive process that results in new outcomes. It generates original ideas.,2,268,247
PA0069,Painters,Felice Varini,C,Reasoning,Logic,When two people are in love they do not love the same person but each other…yet they are perfectly able to understand and share that love.,14,268,248
PA0070,Painters,Melanie Chan,C,Reasoning,Logic,"Once I start painting my mind starts to become calmer, as if the flower is encouraging me to be in the moment.",2,268,249
PA0071,Painters,Natalie Dekel,C,Reasoning,Logic,Sometimes you let go and let your hand choose for you. You don’t think.,37,268,250
PA0072,Painters,Paul Hartal,C,Reasoning,Logic,… creativity originates in the irrational…,4,268,251
PA0073,Painters,Felice Varini,C,Reasoning,Logic,… once I choose a space I start a new thinking process with it.,32,268,252
PA0074,Painters,Melanie Chan,C,Reasoning,Logic,"… inspiration is there most of the time, but usually my mind is elsewhere…",19,268,253
PA0075,Painters,Paul Hartal,C,Reasoning,Logic,… we can gain deeper insights about the true nature of the universe through our senses than through our intellect.,14,269,254
PA0076,Painters,Felice Varini,C,Reasoning,Logic,[art is about]… thinking and choosing.,53,269,255
PA0077,Painters,Melanie Chan,C,Reasoning,Logic,Artistic expression … exceed the conceptual boundaries of language…,26,269,256
PA0078,Painters,Paul Hartal,C,Reasoning,Logic,While I paint or write I focus on the work itself and do not reflect on theory…,17,269,257
PA0079,Painters,Felice Varini,C,Reasoning,Logic,… there are moments of ambiguity… uncertainty is necessary … it makes us … human beings.,55,269,258
PA0080,Painters,Paul Hartal,C,Reasoning,Logic,Aesthetic philosophies depend on context and history…,30,269,259
PA0081,Painters,Felice Varini,C,Reasoning,Logic,… the questions themselves keep evolving...,57,269,260
PA0082,Painters,Paul Hartal,C,Reasoning,Logic,"…science does not discover how real is real. Instead, it discovers what it can say about nature in human language (which includes mathematics).",43,269,261
PA0083,Painters,Paul Hartal,C,Reasoning,Logic,"… scientific creativity, similarly to artistic creativity, incorporates irrational components.",45,269,262
PA0084,Painters,Paul Hartal,C,Reasoning,Logic,Intuition and imagination play a … role in both art and science. Transcending the state of existing conditions necessitates innovative leaps into uncharted areas.,24,269,263
PA0085,Painters,Felice Varini,A,World & Place,Place,"… the reality itself to be the installation…and I am working with it…in order to reach for new forms, new lights and new colours.",35,269,264
PA0086,Painters,Melanie Chan,A,World & Place,Place,…necessary … to pay attention to nature and it is then that I get ... urge to express that relationship.,19,269,265
PA0087,Painters,Felice Varini,A,World & Place,Place,My relationship with the space is trying to discover more things that we can not normally see.,37,269,266
PA0088,Painters,Felice Varini,A,World & Place,Place,"I do not believe in inspiration… Instead, I explore the space… look through … make decisions, and then it all clicks right into place. It is like writing… it happens.",47,269,267
PA0089,Painters,Natalie Dekel,C,Identity,Point of view,… there is no such thing as one definition of art…,12,269,268
PA0090,Painters,Felice Varini,C,Identity,Point of view,I start my works from one vantage point… simply the height of my own eye level.,6,269,269
PA0091,Painters,Natalie Dekel,C,Identity,Point of view,"… it depends on the personality, not on the work. What I see is what interests me as a person.",12,269,270
PA0092,Painters,Felice Varini,C,Identity,Point of view,"The painting exists as a whole, with its complete shape as well as the fragments…",12,269,271
PA0093,Painters,Felice Varini,C,Identity,Point of view,My concern is what happens outside the vantage point of view.,12,269,272
PA0094,Painters,Felice Varini,C,Identity,Point of view,… once I choose a space I start a new thinking process with it.,32,269,273
PA0095,Painters,Felice Varini,C,Identity,Point of view,[art is about]… thinking and choosing.,53,269,274
PA0096,Painters,Felice Varini,C,Identity,Self discovery through art,Every day you can discover something new…,32,269,275
PA0097,Painters,Barry Stevens,C,Identity,Self discovery through art,Inspiration flows through me as a sense of connection and flow; a sense of well-being and feeling in tune with life... inner peace… discovery…,28,269,276
PA0098,Painters,Felice Varini,C,Identity,Self discovery through art,I discovered the world of painting … and … my desire to paint. It was a strong feeling; I would ‘burn’ in the middle of a painting.,46,270,277
PA0099,Painters,Barry Stevens,C,Identity,Self discovery through art,I had a strong feeling that a way to explore consciousness deeply was to turn within… a power pulling me inwards …art was … a way to facilitate that…,47,270,278
PA0100,Painters,Felice Varini,C,Identity,Self discovery through art,"It is not a source of inspiration ‘falling’ on you… Painting is about choices, attitudes…a desire to discover something new.",49,270,279
PA0101,Painters,Natalie Dekel,C,Faculties,Senses,"I saw a white outline, a symbol.",32,270,280
PA0102,Painters,Paul Hartal,C,Faculties,Senses,… we can gain deeper insights about the true nature of the universe through our senses than through our intellect.,14,270,281
PA0103,Painters,Felice Varini,C,Faculties,Senses,My relationship with the space is trying to discover more things that we can not normally see.,37,270,282
PA0104,Painters,Melanie Chan,C,Faculties,Senses,I prefer to be quiet when painting; it is in the silence… that the communion with the flowers can take place.,14,270,283
PA0105,Painters,Natalie Dekel,C,Faculties,Senses,"If I have a feeling it may be like asking oneself, ‘Remember omelette?’…",34,270,284
PA0106,Painters,Paul Hartal,C,Faculties,Senses,… genuine knowledge can be only achieved by the experience of the senses…,46,270,285
PA0107,Painters,Melanie Chan,C,Faculties,Senses,…necessary … to pay attention to nature and it is then that I get ... urge to express that relationship.,19,270,286
PA0108,Painters,Natalie Dekel,C,Faculties,Senses,"[translating feelings to colours] …is perhaps a thought, a word, a feeling, or just an urge…  an unexplainable feeling for a particular taste?...",35,270,287
PA0109,Painters,Melanie Chan,C,Faculties,Senses,I am looking intently yet … gently at the flowers … and it draws me into a non-verbal communication experience. This is why I prefer to be quiet when painting.,28,270,288
PA0110,Painters,Barry Stevens,B,Creative State,Surrender,For this to occur one has to surrender to the process [of creativity].,4,270,289
PA0111,Painters,Barry Stevens,B,Creative State,Surrender,Surrender involves the recognition that a greater or higher power is working through one and that one does not actually exist independent of the whole.,6,270,290
PA0112,Painters,Barry Stevens,B,Creative State,Surrender,When I surrender into the centre there is the awareness of being beyond time and space.,10,270,291
PA0113,Painters,Natalie Dekel,A,Visual Language,Symbol,"I saw a white outline, a symbol.",32,270,292
PA0114,Painters,Paul Hartal,A,Visual Language,Symbol,… all art disciplines share common traits… in different forms… specific set of symbols.,5,270,293
PA0115,Painters,Felice Varini,A,Visual Language,Symbol,"… I move the concept, and can remake it…",22,270,294
PA0116,Painters,Felice Varini,A,Visual Language,Symbol,… I began to think of painting without any representation.,46,270,295
PA0117,Painters,Natalie Dekel,B,Transcendence,Transcendental reality (independent of artist),"I am trying to convey the soul and the emotion behind it; a soul which is contained in a bottle, a body.",46,270,296
PA0118,Painters,Paul Hartal,B,Transcendence,Transcendental reality (independent of artist),… the sources of creativity transcend the individual.,5,270,297
PA0119,Painters,Paul Hartal,B,Transcendence,Transcendental reality (independent of artist),"…the world as a mysterious place, full of magic and wonder.",19,270,298
PA0120,Painters,Natalie Dekel,B,Transcendence,"Transcendental reality (independent, and communicated through physical)","I am trying to convey the soul and the emotion behind it; a soul which is contained in a bottle, a body.",46,270,299
PA0121,Painters,Paul Hartal,B,Transcendence,"Transcendental reality (independent, and communicated through physical)","…intuitions, imagination, emotions, ideas, memories, thoughts and dreams are not independent events of an autonomous brain and nervous… They take place in a body that interacts with the biosphere.",8,270,300
PA0122,Painters,Felice Varini,B,Transcendence,"Transcendental reality (independent, and communicated through physical)","[use of simple shapes:] A mountain side has curves that affect the circle, and change the circle’s geometry… The same goes for colours… reality exists with its own qualities, shapes, colours and light conditions.",18-20,270,301
PA0123,Painters,Natalie Dekel,B,Transcendence,"Transcendental reality (independent, and communicated through physical)",The way you wear your body shows who you are.,50,270,302
PA0124,Painters,Paul Hartal,B,Transcendence,"Transcendental reality (independent, and communicated through physical)",I envisage the existence of a universal field of consciousness which permeates the cosmos. Our own consciousness originates from this spectrum.,10,270,303
PA0125,Painters,Natalie Dekel,B,Transcendence,Transcendental reality (which connects through artist),I had a feeling that I am here on Earth by a mistake…,20,271,304
PA0126,Painters,Paul Hartal,B,Transcendence,Transcendental reality (which connects through artist),… we can gain deeper insights about the true nature of the universe through our senses than through our intellect.,14,271,305
PA0127,Painters,Felice Varini,B,Transcendence,Transcendental reality (which connects through artist),"Once the painting is done it starts an independent life, having a relationship with the space, which has nothing to do with me or the viewer.",7,271,306
PA0128,Painters,Barry Stevens,B,Transcendence,Transcendental reality (which connects through artist),… recognition that a greater or higher power is working through one and that one does not actually exist independent of the whole… there is no longer an “I” or “you”…,6,271,307
PA0129,Painters,Melanie Chan,B,Transcendence,Transcendental reality (which connects through artist),"Once I start painting my mind starts to become calmer, as if the flower is encouraging me to be in the moment.",2,271,308
PA0130,Painters,Natalie Dekel,B,Transcendence,Transcendental reality (which connects through artist),It is right behind you. This information ‘bombards’ me and I want to depict it.,25,271,309
PA0131,Painters,Felice Varini,B,Transcendence,Transcendental reality (which connects through artist),"I do not believe in inspiration… Instead, I explore the space… look through … make decisions, and then it all clicks right into place. It is like writing… it happens.",47,271,310
PA0132,Painters,Natalie Dekel,B,Transcendence,Transcendental reality (which connects through artist),Sometimes you let go and let your hand choose for you. You don’t think.,37,271,311
PA0133,Painters,Natalie Dekel,B,Transcendence,Transcendental reality (which connects through artist),"I am trying to convey the soul and the emotion behind it; a soul which is contained in a bottle, a body.",46,271,312
PA0134,Painters,Natalie Dekel,B,Transcendence,Transcendental reality (which the artist connects to),I just look … I have a feeling about it. I see them.,27,271,313
PA0135,Painters,Paul Hartal,B,Transcendence,Transcendental reality (which the artist connects to),Poetry extends beyond language.,26,271,314
PA0136,Painters,Barry Stevens,B,Transcendence,Transcendental reality (which the artist connects to),…the experience of having gone as far as one can go. Then one encounters infinity …which is consciousness or awareness unqualified by a perceiver. I call this Oneness.,52,271,315
PA0137,Painters,Melanie Chan,B,Transcendence,Transcendental reality (which the artist connects to),"I see the beauty of nature in flowers, and I am amazed by their perfection and their symmetry.",2,271,316
PA0138,Painters,Melanie Chan,B,Transcendence,Transcendental reality (which the artist connects to),I prefer to be quiet when painting; it is in the silence… that the communion with the flowers can take place.,14,271,317
PA0139,Painters,Melanie Chan,B,Transcendence,Transcendental reality (which the artist connects to),"Painting… is … being open to … inspiration, and allowing it to flow through me and gain expression.",26,271,318
PA0140,Painters,Melanie Chan,B,Transcendence,Transcendental reality (which the artist connects to),…paying attention and spending time looking at the flower… brings me to a state of relaxed awareness… entering into a sort of communion or shared experience with the creative impulse that forms each living thing…,28,271,319
PA0141,Painters,Paul Hartal,C,Faculties,Unconscious,Another major source of creativity originates in the irrational realm of dreams and the unconscious.,4,271,320
PA0142,Painters,Paul Hartal,C,Faculties,Unconscious,"Meaningful archetypal dreams surface through the personal unconscious, from the deepest layers of the psyche, what Jung calls the collective unconscious…",9,271,321
PA0143,Painters,Paul Hartal,C,Faculties,Unconscious,"…nuclear physicist Amit Goswami has advanced his credo that the universe is an unconscious entity, which becomes aware of itself through human consciousness.",13,271,322
PA0144,Painters,Natalie Dekel,B,Creative State,Urge to create,It’s a compulsive urge…,15,271,323
PA0145,Painters,Paul Hartal,B,Creative State,Urge to create,"Art is an impulsive thrust, a spontaneous wave of excitation.",30,271,324
PA0146,Painters,Felice Varini,B,Creative State,Urge to create,I discovered the world of painting … and … my desire to paint. It was a strong feeling; I would ‘burn’ in the middle of a painting.,46,271,325
PA0147,Painters,Melanie Chan,B,Creative State,Urge to create,"I tend to get a feeling that draws me… impulse to create, is inner one based on a mood or memory. At other times it might be external… a scene which might draw my attention.",17,271,326
PA0148,Painters,Natalie Dekel,B,Creative State,Urge to create,… past experiences that I feel compelled to express and show.,25,271,327
PA0149,Painters,Melanie Chan,B,Creative State,Urge to create,…necessary … to pay attention to nature and it is then that I get ... urge to express that relationship.,19,271,328
PA0150,Painters,Natalie Dekel,B,Creative State,Urge to create,It is right behind you. This information ‘bombards’ me and I want to depict it.,25,272,329
PA0151,Painters,Paul Hartal,A,Language & Representation,Word,Poetry extends beyond language.,26,272,330
PA0152,Painters,Melanie Chan,A,Language & Representation,Word,…words conceptualise and divide the world into binary categories of subject and object.,26,272,331
PA0153,Painters,Paul Hartal,A,Language & Representation,Word,"Poetry… is a verbal composition, an emotional or mental event moving through linear time.",32,272,332
PA0154,Painters,Melanie Chan,A,Language & Representation,Word,Artistic expression … exceed the conceptual boundaries of language…,26,272,333
PA0155,Painters,Paul Hartal,A,Language & Representation,Word,"…science does not discover how real is real. Instead, it discovers what it can say about nature in human language (which includes mathematics).",43,272,334
PA0156,Painters,Melanie Chan,A,Language & Representation,Word,…academic words about art … are formal processes which are different from making art…,27,272,335
PA0157,Painters,Paul Hartal,A,Language & Representation,Words/image relation,"A painting is a frozen picture in time…Poetry on the other hand is a verbal composition, an emotional or mental event moving through linear time.",32,272,336
PA0158,Painters,Melanie Chan,A,Language & Representation,Words/image relation,I am looking intently yet … gently at the flowers … and it draws me into a non-verbal communication experience. This is why I prefer to be quiet when painting.,28,272,337
I0001,Installation artists,Roi Vaara,C,Relationships,Audience,[use body so] …performances are meant to create a common ground with the audience.,4,272,338
I0002,Installation artists,Roi Vaara,C,Relationships,Audience,…create an art experience where everyone could feel something…,9,272,339
I0003,Installation artists,Roi Vaara,C,Relationships,Audience,I felt that performances would be much more direct...,17,272,340
I0004,Installation artists,Roi Vaara,C,Relationships,Audience,My art is designed for the purpose of having a direct communication between one person and another…,29,272,341
I0005,Installation artists,Roi Vaara,C,Relationships,Audience,"I feel energized, happy and satisfied, and I wish I could trigger such experiences in other people as well.",31,272,342
I0006,Installation artists,Roi Vaara,C,Relationships,Audience,"I am looking for ways to share moments of life with other people, and to convey feelings of existence…",17,272,343
I0007,Installation artists,Roi Vaara,C,Relationships,Audience,"…it did not make much sense to try to catch those [nature] phenomena in paintings or in photos, because they were much richer in reality.",39,272,344
I0008,Installation artists,Russell Jenkins (chanting artist),C,Identity,Authority,…sound in my head… my aim is to replicate it.,3,272,345
I0009,Installation artists,Ken Devine,C,Relationships,Collaboration,Meanings make our relationships with concepts and with objects.,21,273,346
I0010,Installation artists,David Johnson,C,Relationships,Collaboration,[inspiration is]… things will be randomly joining together at various points. Then an image would come to my head… combination of two ideas will produce the right thing. If you … think too theoretically … it ends up one-dimensional...,40,273,347
I0011,Installation artists,Katayoun Dowlatshahi,C,Relationships,Collaboration,"I allow the process to slowly unfold, I don’t push it… You have to experience it first.",28,273,348
I0012,Installation artists,Roi Vaara,C,Relationships,Collaboration,A good art experience is for me like a powerful feeling of being alive. It is like being under a spell or a trance.,31,273,349
I0013,Installation artists,Russell Jenkins (chanting artist),C,Relationships,Collaboration,…sound in my head… my aim is to replicate it.,3,273,350
I0014,Installation artists,Ken Devine,C,Relationships,Collaboration,All colours are in relations to other colours. They sit side by side… there is no ‘stopness’ about red.,27,273,351
I0015,Installation artists,Katayoun Dowlatshahi,C,Relationships,Collaboration,I had trust in the process.,29,273,352
I0016,Installation artists,Russell Jenkins (chanting artist),C,Relationships,Collaboration,I was working… I was asking for help.,19,273,353
I0017,Installation artists,Ken Devine,C,Relationships,Collaboration,Grey… It is the only place that has no complementary colour.,31,273,354
I0018,Installation artists,Katayoun Dowlatshahi,C,Relationships,Collaboration,… allowing the internalisation and processing of those images to influence a work of art.,28,273,355
I0019,Installation artists,Katayoun Dowlatshahi,C,Relationships,Collaboration,My … epiphany happen when I … a deeper connection with myself… don’t fully understand it but sense…,36,273,356
I0020,Installation artists,Katayoun Dowlatshahi,C,Relationships,Collaboration,… my art is my life.,38,273,357
I0021,Installation artists,Ken Devine,B,Transcendence,Collective archetype,"…you could ask anybody the question, ‘What is your favourite colour?’",2,273,358
I0022,Installation artists,David Johnson,B,Transcendence,Collective archetype,The experience of the world is immediate. The mind in itself is part of the world…,25,273,359
I0023,Installation artists,Katayoun Dowlatshahi,B,Transcendence,Collective archetype,…many individual fragments … we reflect that one light source…,7,273,360
I0024,Installation artists,Roi Vaara,B,Transcendence,Collective archetype,"…we are as much part of the biosphere as a sunset is, the complexity of life remains an inexhaustible source for art. From this point of view everybody is not an artist, as Joseph Beuys manifested, but rather everybody is art itself, I would say...",39,273,361
I0025,Installation artists,Russell Jenkins (chanting artist),B,Transcendence,Collective archetype,Moments we were One.,10,273,362
I0026,Installation artists,Katayoun Dowlatshahi,B,Transcendence,Collective archetype,… glimpse of other fragments reflecting light from the same light source as you.,36,273,363
I0027,Installation artists,Ken Devine,C,Reasoning,Contrasts,"Language has that ability because … People change continually. So, you have to think of all the gaps in between truth and untruth…",16,273,364
I0028,Installation artists,David Johnson,C,Reasoning,Contrasts,"… the human eye and the inner eye, the confusion about the two becoming the same thing.",36,273,365
I0029,Installation artists,Katayoun Dowlatshahi,C,Reasoning,Contrasts,To appreciate and understand light you have to embrace its shadow.,6,273,366
I0030,Installation artists,Roi Vaara,C,Reasoning,Contrasts,…contrast between the black and white…,10,273,367
I0031,Installation artists,Ken Devine,C,Reasoning,Contrasts,"Whether something is true or false, that is a matter of position, a point from which we see it.",24,273,368
I0032,Installation artists,Katayoun Dowlatshahi,C,Reasoning,Contrasts,"Though nature inspires me, it is the edge, the unknown that beckons.",40,273,369
I0033,Installation artists,Ken Devine,C,Reasoning,Contrasts,Colour… is so concrete and yet totally abstract.,29,273,370
I0034,Installation artists,Ken Devine,A,Visual Language,Colour,"…you could ask anybody the question, ‘What is your favourite colour?’",2,273,371
I0035,Installation artists,Roi Vaara,A,Visual Language,Colour,…colours carry different meanings within different cultures.,14,273,372
I0036,Installation artists,Ken Devine,A,Visual Language,Colour,"… people talk about colours in terms of emotion… object … event, or a person… there are those who have a very clear rational idea…",8,274,373
I0037,Installation artists,Ken Devine,A,Visual Language,Colour,All colours are in relations to other colours. They sit side by side… there is no ‘stopness’ about red.,27,274,374
I0038,Installation artists,Ken Devine,A,Visual Language,Colour,"We tend to think of colours as existing on points, but a point has no dimension…",28,274,375
I0039,Installation artists,Ken Devine,A,Visual Language,Colour,Colour… is so concrete and yet totally abstract.,29,274,376
I0040,Installation artists,Ken Devine,C,Faculties,Emotion,"… people talk about colours in terms of emotion… object … event, or a person… there are those who have a very clear rational idea…",8,274,377
I0041,Installation artists,David Johnson,C,Faculties,Emotion,[in moments of inspiration] An intense feeling of living. It is as though there is an extra light in the mind that suddenly sparks in full capacity.,46,274,378
I0042,Installation artists,Katayoun Dowlatshahi,C,Faculties,Emotion,"…experience epiphany… analysis of it I would … see connections with thoughts and ideas, and be overwhelmed by strong emotions.",33,274,379
I0043,Installation artists,Roi Vaara,C,Faculties,Emotion,"I feel energized, happy and satisfied, and I wish I could trigger such experiences in other people as well.",31,274,380
I0044,Installation artists,Russell Jenkins (chanting artist),C,Faculties,Emotion,"I have a hearing of an Aum…I hear inside.",6,274,381
I0045,Installation artists,Ken Devine,C,Faculties,Emotion,"… profound responses from people who were honest, rather than trying to be profound…",9,274,382
I0046,Installation artists,Katayoun Dowlatshahi,C,Faculties,Emotion,I would end up in tears … I as the conscious artist was not fully in control of my process. I was only able to bring my understanding to it after the work had been created.,33,274,383
I0047,Installation artists,Roi Vaara,C,Faculties,Emotion,"I am looking for ways to share moments of life with other people, and to convey feelings of existence…",17,274,384
I0048,Installation artists,Russell Jenkins (chanting artist),C,Faculties,Emotion,Chant... feels... expansion from the heart.,14,274,385
I0049,Installation artists,Ken Devine,C,Faculties,Emotion,"We represent things by creating things, and our creations can be concrete or abstract, or feelings.",17,274,386
I0050,Installation artists,Roi Vaara,C,Faculties,Emotion,"… I had a phase where I suddenly felt that I had done all I could do in art, and that there was nothing else for me to add. …I had to accept the situation. This acceptance somehow solved the problem. It made me leave behind all that I had done before and so I became more open to embrace new ideas…",26,274,387
I0051,Installation artists,Roi Vaara,C,Faculties,Emotion,"…it did not make much sense to try to catch those [nature] phenomena in paintings or in photos, because they were much richer in reality.",39,274,388
I0052,Installation artists,Roi Vaara,C,Identity,Expression,"I feel energized, happy and satisfied, and I wish I could trigger such experiences in other people as well.",31,274,389
I0053,Installation artists,Roi Vaara,C,Identity,Expression,"…it did not make much sense to try to catch those [nature] phenomena in paintings or in photos, because they were much richer in reality.",39,274,390
I0054,Installation artists,David Johnson,A,Visual Language,Image,"… the idea of something that you could not see yet is the centre of the work… things you cannot see but know about, therefore affect the way you see: the non-visible.",18,275,391
I0055,Installation artists,Katayoun Dowlatshahi,A,Visual Language,Image,… allowing the internalisation and processing of those images to influence a work of art.,28,275,392
I0056,Installation artists,Roi Vaara,A,Visual Language,Image,"I am an artist, originally a painter who now presents his visions in a live format.",2,275,393
I0057,Installation artists,David Johnson,A,Visual Language,Image,[inspiration is]… things will be randomly joining together at various points. Then an image would come to my head… combination of two ideas will produce the right thing. If you … think too theoretically … it ends up one-dimensional...,40,275,394
I0058,Installation artists,Katayoun Dowlatshahi,A,Visual Language,Image,… allowing the internalisation and processing of those images to influence a work of art.,28,275,395
I0059,Installation artists,Roi Vaara,A,Visual Language,Image,Art can show us the image of ourselves in the changing world.,34,275,396
I0060,Installation artists,Katayoun Dowlatshahi,C,Identity,Individuality/personality,I do not impose my personal identity on the work in question…I allow the context to influence the work.,15,275,397
I0061,Installation artists,Katayoun Dowlatshahi,C,Identity,Individuality/personality,"…it did not make much sense to try to catch those [nature] phenomena in paintings or in photos, because they were much richer in reality.",39,275,398
I0062,Installation artists,Ken Devine,B,Creative State,Inspiration from inside,"… there is inspiration in anything, not just in art.",35,275,399
I0063,Installation artists,David Johnson,B,Creative State,Inspiration from inside,[inspiration is]… things will be randomly joining together at various points. Then an image would come to my head… combination of two ideas will produce the right thing. If you … think too theoretically … it ends up one-dimensional...,40,275,400
I0064,Installation artists,Katayoun Dowlatshahi,B,Creative State,Inspiration from inside,… allowing the internalisation and processing of those images to influence a work of art.,28,275,401
I0065,Installation artists,Russell Jenkins (chanting artist),B,Creative State,Inspiration from inside,"I have a hearing of an Aum…I hear inside.",6,275,402
I0066,Installation artists,Ken Devine,B,Creative State,Inspiration from inside,"Inspiration, probably, is a uniqueness that comes out of parts of a person, which did not come together before…",35,275,403
I0067,Installation artists,Russell Jenkins (chanting artist),B,Creative State,Inspiration from inside,Chant... feels... expansion from the heart.,14,275,404
I0068,Installation artists,Ken Devine,B,Creative State,Inspiration from outside,"… there is inspiration in anything, not just in art.",35,275,405
I0069,Installation artists,David Johnson,B,Creative State,Inspiration from outside,[inspiration is]… things will be randomly joining together at various points. Then an image would come to my head… combination of two ideas will produce the right thing. If you … think too theoretically … it ends up one-dimensional...,40,275,406
I0070,Installation artists,Katayoun Dowlatshahi,B,Creative State,Inspiration from outside,I do not impose my personal identity on the work in question…I allow the context to influence the work.,15,275,407
I0071,Installation artists,Roi Vaara,B,Creative State,Inspiration from outside,"Practical things which belong to daily life take up most of my time, and they are the source from which the ideas for my performances are coming.",19,275,408
I0072,Installation artists,Katayoun Dowlatshahi,B,Creative State,Inspiration from outside,… allowing the internalisation and processing of those images to influence a work of art.,28,275,409
I0073,Installation artists,Roi Vaara,B,Creative State,Inspiration from outside,It is inspiring to find new surprising ways about life…the everyday life and other cultural phenomena are the sources for inspiration.,37,275,410
I0074,Installation artists,David Johnson,C,Faculties,Intuition,"… the idea of something that you could not see yet is the centre of the work… things you cannot see but know about, therefore affect the way you see: the non-visible.",18,276,411
I0075,Installation artists,Katayoun Dowlatshahi,C,Faculties,Intuition,.. not to try to force yourself … but to allow your intuition to guide your process.,19,276,412
I0076,Installation artists,Ken Devine,C,Reasoning,Logic,Someone can say something about red which is very similar to what someone else said about blue… it creates a new set of relationships that we may have not been aware of before.,10,276,413
I0077,Installation artists,David Johnson,C,Reasoning,Logic,"… the idea of something that you could not see yet is the centre of the work… things you cannot see but know about, therefore affect the way you see: the non-visible.",18,276,414
I0078,Installation artists,Katayoun Dowlatshahi,C,Reasoning,Logic,"…experience epiphany… analysis of it I would … see connections with thoughts and ideas, and be overwhelmed by strong emotions.",33,276,415
I0079,Installation artists,Roi Vaara,C,Reasoning,Logic,"… I had a phase where I suddenly felt that I had done all I could do in art, and that there was nothing else for me to add. …I had to accept the situation. This acceptance somehow solved the problem. It made me leave behind all that I had done before and so I became more open to embrace new ideas…",26,276,416
I0080,Installation artists,Russell Jenkins (chanting artist),C,Reasoning,Logic,Repetitiveness takes your head out of thinking.,17,276,417
I0081,Installation artists,Ken Devine,C,Reasoning,Logic,"… logical argument … an absurd position, because you are limited to logic.",11,276,418
I0082,Installation artists,David Johnson,C,Reasoning,Logic,… ambiguity is very important both in art and philosophy.,28,276,419
I0083,Installation artists,Katayoun Dowlatshahi,C,Reasoning,Logic,My … epiphany happen when I … a deeper connection with myself… don’t fully understand it but sense…,36,276,420
I0084,Installation artists,Roi Vaara,C,Reasoning,Logic,…it can be very satisfying to figure out things and create order using different elements.,37,276,421
I0085,Installation artists,Russell Jenkins (chanting artist),C,Reasoning,Logic,…communication… not so much about the … language… but rather about the energy.,27,276,422
I0086,Installation artists,Ken Devine,C,Reasoning,Logic,"… behind the ‘simple’ things that people say lie complex relations that they have with life, and they use language to convey that. Language is illogical…",13,276,423
I0087,Installation artists,David Johnson,C,Reasoning,Logic,"… the human eye and the inner eye, the confusion about the two becoming the same thing.",36,276,424
I0088,Installation artists,Ken Devine,C,Reasoning,Logic,Thought … is saying something which is partly true and partly false. Rarely can you say a complete truth…,15,276,425
I0089,Installation artists,David Johnson,C,Reasoning,Logic,"Quite often it will be months or years after that I suddenly realise what the ideas deal with, and it never occurred to me before.",41,276,426
I0090,Installation artists,Ken Devine,C,Reasoning,Logic,"We represent things by creating things, and our creations can be concrete or abstract, or feelings.",17,276,427
I0091,Installation artists,Ken Devine,C,Reasoning,Logic,Meanings make our relationships with concepts and with objects.,21,276,428
I0092,Installation artists,Ken Devine,C,Reasoning,Logic,Rationality is … trying to … be replicated…,23,276,429
I0093,Installation artists,Ken Devine,A,World & Place,Object,"… people talk about colours in terms of emotion… object … event, or a person… there are those who have a very clear rational idea…",8,276,430
I0094,Installation artists,David Johnson,A,World & Place,Object,… postmodernism … allows us to think we only have surfaces of things.,22,276,431
I0095,Installation artists,Roi Vaara,A,World & Place,Object,[use body so] …performances are meant to create a common ground with the audience.,4,276,432
I0096,Installation artists,Ken Devine,A,World & Place,Object,"We represent things by creating things, and our creations can be concrete or abstract, or feelings.",17,276,433
I0097,Installation artists,Roi Vaara,A,World & Place,Object,Usually I use the sound that the actions in the performance create…,7,276,434
I0098,Installation artists,Ken Devine,A,World & Place,Object,[Middle Ages] ‘happy making’ technology… Objects are not the driving force in life.,19,277,435
I0099,Installation artists,Ken Devine,A,World & Place,Object,Meanings make our relationships with concepts and with objects.,21,277,436
I0100,Installation artists,Katayoun Dowlatshahi,A,World & Place,Place,I do not impose my personal identity on the work in question…I allow the context to influence the work.,15,277,437
I0101,Installation artists,Ken Devine,C,Identity,Point of view,Someone can say something about red which is very similar to what someone else said about blue… it creates a new set of relationships that we may have not been aware of before.,10,277,438
I0102,Installation artists,Katayoun Dowlatshahi,C,Identity,Point of view,…many individual fragments … we reflect that one light source…,7,277,439
I0103,Installation artists,Roi Vaara,C,Identity,Point of view,…colours carry different meanings within different cultures.,14,277,440
I0104,Installation artists,Russell Jenkins (chanting artist),C,Identity,Point of view,…say…and three people will pick it differently …depends on the way the person is feeling and receiving the message.,24,277,441
I0105,Installation artists,Ken Devine,C,Identity,Point of view,"Language has that ability because … People change continually. So, you have to think of all the gaps in between truth and untruth…",16,277,442
I0106,Installation artists,Katayoun Dowlatshahi,C,Identity,Point of view,… the relationship people have with light is different around the world.,9,277,443
I0107,Installation artists,Roi Vaara,C,Identity,Point of view,…it is up to our personal beliefs alone how we see and understand things around us.,26,277,444
I0108,Installation artists,Ken Devine,C,Identity,Point of view,"Whether something is true or false, that is a matter of position, a point from which we see it.",24,277,445
I0109,Installation artists,Roi Vaara,C,Identity,Point of view,"When circumstances change, the ways we look at things change as well and new opportunities appear.",34,277,446
I0110,Installation artists,Ken Devine,C,Identity,Point of view,… meanings are created through… the way in which we frame what we see and thus frame what we decide to exclude.,25,277,447
I0111,Installation artists,David Johnson,C,Identity,Self discovery through art,"Quite often it will be months or years after that I suddenly realise what the ideas deal with, and it never occurred to me before.",41,277,448
I0112,Installation artists,Ken Devine,C,Faculties,Senses,… having your eyes open…in every moment…,37,277,449
I0113,Installation artists,David Johnson,C,Faculties,Senses,"… the idea of something that you could not see yet is the centre of the work… things you cannot see but know about, therefore affect the way you see: the non-visible.",18,277,450
I0114,Installation artists,Katayoun Dowlatshahi,C,Faculties,Senses,My … epiphany happen when I … a deeper connection with myself… don’t fully understand it but sense…,36,277,451
I0115,Installation artists,Roi Vaara,C,Faculties,Senses,Usually I use the sound that the actions in the performance create…,7,277,452
I0116,Installation artists,David Johnson,C,Faculties,Senses,"… the human eye and the inner eye, the confusion about the two becoming the same thing.",36,277,453
I0117,Installation artists,David Johnson,C,Faculties,Senses,"… when I think of an idea I may not be aware of all the implications … But I am aware of a sort of depth of possibilities ... You can do that intuitively, have a feeling for that. Artists’ sensibility is very close to the spiritual attitude to life.",42,278,454
I0118,Installation artists,Ken Devine,B,Creative State,Surrender,… having your eyes open…in every moment…,37,278,455
I0119,Installation artists,Roi Vaara,B,Creative State,Surrender,"… I had a phase where I suddenly felt that I had done all I could do in art, and that there was nothing else for me to add. …I had to accept the situation. This acceptance somehow solved the problem. It made me leave behind all that I had done before and so I became more open to embrace new ideas…",26,278,456
I0120,Installation artists,Roi Vaara,B,Creative State,Surrender,A good art experience is for me like a powerful feeling of being alive. It is like being under a spell or a trance.,31,278,457
I0121,Installation artists,Ken Devine,A,Visual Language,Symbol,"We represent things by creating things, and our creations can be concrete or abstract, or feelings.",17,278,458
I0122,Installation artists,Ken Devine,A,Visual Language,Symbol,Meanings make our relationships with concepts and with objects.,21,278,459
I0123,Installation artists,Ken Devine,A,Visual Language,Symbol,Colour… is so concrete and yet totally abstract.,29,278,460
I0124,Installation artists,David Johnson,B,Transcendence,Transcendental reality (independent of artist),"… the idea of something that you could not see yet is the centre of the work… things you cannot see but know about, therefore affect the way you see: the non-visible.",18,278,461
I0125,Installation artists,Katayoun Dowlatshahi,B,Transcendence,Transcendental reality (independent of artist),… unaware of our whole being…,36,278,462
I0126,Installation artists,Russell Jenkins (chanting artist),B,Transcendence,Transcendental reality (independent of artist),[the sound is]… far beyond from what I can produce.,2,278,463
I0127,Installation artists,David Johnson,B,Transcendence,Transcendental reality (independent of artist),Words are … sort of one removed from the world.,34,278,464
I0128,Installation artists,Russell Jenkins (chanting artist),B,Transcendence,Transcendental reality (independent of artist),The original sound is still in a process; it is still being produced.,7,278,465
I0129,Installation artists,Katayoun Dowlatshahi,B,Transcendence,"Transcendental reality (independent, and communicated through physical)","…draw something so intangible, like light?",2,278,466
I0130,Installation artists,Roi Vaara,B,Transcendence,"Transcendental reality (independent, and communicated through physical)","…it did not make much sense to try to catch those [nature] phenomena in paintings or in photos, because they were much richer in reality.",39,278,467
I0131,Installation artists,Roi Vaara,B,Transcendence,"Transcendental reality (independent, and communicated through physical)",…life is art in itself.,19,278,468
I0132,Installation artists,Ken Devine,B,Transcendence,Transcendental reality (which connects through artist),"Inspiration, probably, is a uniqueness that comes out of parts of a person, which did not come together before…",,278,469
I0133,Installation artists,David Johnson,B,Transcendence,Transcendental reality (which connects through artist),"Quite often it will be months or years after that I suddenly realise what the ideas deal with, and it never occurred to me before.",41,278,470
I0134,Installation artists,Katayoun Dowlatshahi,B,Transcendence,Transcendental reality (which connects through artist),"…experience epiphany… analysis of it I would … see connections with thoughts and ideas, and be overwhelmed by strong emotions.",33,278,471
I0135,Installation artists,David Johnson,B,Transcendence,Transcendental reality (which connects through artist),"… when I think of an idea I may not be aware of all the implications … But I am aware of a sort of depth of possibilities ... You can do that intuitively, have a feeling for that. Artists’ sensibility is very close to the spiritual attitude to life.",42,279,472
I0136,Installation artists,Katayoun Dowlatshahi,B,Transcendence,Transcendental reality (which connects through artist),I would end up in tears … I as the conscious artist was not fully in control of my process. I was only able to bring my understanding to it after the work had been created.,33,279,473
I0137,Installation artists,Ken Devine,B,Transcendence,Transcendental reality (which the artist connects to),…a moment of recognition… Of whatever it is that lit a fire in you.,35/37,279,474
I0138,Installation artists,David Johnson,B,Transcendence,Transcendental reality (which the artist connects to),"… find a way to experience the world in a spiritual way, while not believing in anything beyond this world.",23,279,475
I0139,Installation artists,Roi Vaara,B,Transcendence,Transcendental reality (which the artist connects to),I create art in order to participate in the process of the continuous creation of the world.,32,279,476
I0140,Installation artists,Katayoun Dowlatshahi,C,Faculties,Unconscious,When I am in my creative process I have these moments… [of epiphany],39,279,477
I0141,Installation artists,Katayoun Dowlatshahi,B,Creative State,Urge to create,… I am not a kind of a person who could spontaneously create…,27,279,478
I0142,Installation artists,Roi Vaara,B,Creative State,Urge to create,…art makes me live.,19,279,479
I0143,Installation artists,Roi Vaara,B,Creative State,Urge to create,"… I had a phase where I suddenly felt that I had done all I could do in art, and that there was nothing else for me to add. …I had to accept the situation. This acceptance somehow solved the problem. It made me leave behind all that I had done before and so I became more open to embrace new ideas…",26,279,480
I0144,Installation artists,Roi Vaara,B,Creative State,Urge to create,A good art experience is for me like a powerful feeling of being alive. It is like being under a spell or a trance.,31,279,481
I0145,Installation artists,Ken Devine,A,Language & Representation,Word,"… behind the ‘simple’ things that people say lie complex relations that they have with life, and they use language to convey that. Language is illogical…",13,279,482
I0146,Installation artists,David Johnson,A,Language & Representation,Word,"If you try to formalise ideas then you fix them … justifying one path only… whatever I am saying, I am cutting out a whole lot of possibilities that should be left in.",32,279,483
I0147,Installation artists,Katayoun Dowlatshahi,A,Language & Representation,Word,I am very careful not to use certain words to describe the nature of my work… but I do feel … spiritual without being religious.,5,279,484
I0148,Installation artists,Russell Jenkins (chanting artist),A,Language & Representation,Word,…communication… not so much about the … language… but rather about the energy.,27,279,485
I0149,Installation artists,Ken Devine,A,Language & Representation,Word,Thought … is saying something which is partly true and partly false. Rarely can you say a complete truth…,15,279,486
I0150,Installation artists,David Johnson,A,Language & Representation,Word,Words are … sort of one removed from the world.,34,279,487
I0151,Installation artists,Katayoun Dowlatshahi,A,Language & Representation,Word,… difficult to articulate my spiritual values and beliefs.,25,279,488
I0152,Installation artists,Ken Devine,A,Language & Representation,Word,"Language has that ability because … People change continually. So, you have to think of all the gaps in between truth and untruth…",16,279,489
I0153,Installation artists,Russell Jenkins (chanting artist),A,Language & Representation,Words/image relation,Poet Hafez: ‘…You can use my soft words as a cushion for your head.’,21,280,490
